ds_id,shared_id,isInEDMT,di_script,di_URL,Title,Link,Description (in brief),Metadata URLs,Methodology (URL to methodology descriptions),Methodology (brief description),Accuracy,Completeness,Level,Spatial Granularity,DOI,Identifier,Identifier Type,Creator,Object,Publisher,Publication Date,Publication Year,Temporal Granularity,Time references (time data refers),URLs,Content (keywords),Origin,Geographical extension,Projection system,Access conditions,License,License URL,Terms of use,Availability,Resource type,Data format,"Size of file (raw, compressed in parentheses)",Other relevant information
1,PVGIS,TRUE,getPVGIS.py,,PVGIS: Solar Radiation Data,https://ec.europa.eu/jrc/en/PVGIS/downloads/CMSAF,"Solar radiation dataset consisting of the average irradiance over a time period, taking into account both day and night-time, measured in W/m2. Optimum angle data sets are measured in degrees from horizontal for a plane facing the equator.",https://ec.europa.eu/jrc/en/PVGIS/downloads/CMSAF,https://ec.europa.eu/jrc/en/PVGIS/docs/methods,"The first step in the calculation is to use the satellite images to estimate the influence of clouds on the solar radiation. Clouds tend to reflect the incoming sunlight so that less radiation arrives at the ground. In a second step the method calculates the solar radiation at clear sky conditions (i.e. no clouds) using the theory of radiative transfer in the atmosphere together with data on how much aerosols (dust, particles, etc.) there are in the atmosphere and the concentration of water vapour and ozone, both of which tend to absorb radiation at particular wavelengths. The total radiation is then calculated from the cloud albedo and the clear-sky irradiance. For further information, see the methodology documentation.",Data produced from the satellite images were checked against measurements at ground level: -14.0% to +11.0% difference between satellite and station.,Data derived from METEOSAT (https://meteostat.net/en) images which cover entirety of Europe.,Worldwide,Grid cell size: 1'30'' (0.025°),,https://ec.europa.eu/jrc/en/PVGIS/downloads/CMSAF,Uniform Resource Locator (URL),Climate Monitoring Satellite Application Facility (CM SAF),Climate Monitoring Satellite Application Facility,Joint Research Centre,03/12/2019,2019,Non-longitudinal,2007-2016,https://ec.europa.eu/jrc/en/PVGIS/downloads/CMSAF,Solar radiation data - average irradiation - satellite data,METEOSAT satellite data and reanalysis-based solar radiation data from ECMWF ERA-5 and COSMO-REA.,"Extent: 65°01'30"" N, 35° S; 65° W, 65°01'30"" E ",EPSG:4326,Open - download,Creative Commons Attribution 4.0 International,https://creativecommons.org/licenses/by/4.0/,,Available on the web,Dataset,ESRI ascii grid,1.40 GB (69.4 MB),https://ec.europa.eu/info/legal-notice_en
2,jrc-10128-10001,TRUE,getJRC_GEOPP_DB_csv.py,https://data.jrc.ec.europa.eu/dataset/jrc-10128-10001,JRC: Geothermal Power Plant Dataset,https://data.jrc.ec.europa.eu/dataset/jrc-10128-10001,"Dataset of worldwide geothermal power plants including technological details (e.g. nameplate and running capacity, turbine type).",https://data.jrc.ec.europa.eu/dataset/jrc-10128-10001,https://publications.jrc.ec.europa.eu/repository/bitstream/JRC113847/kjna29446enn_jrc113847.pdf,"The dataset contains all geothermal power plants that are in operation. Data are collected from various sources and then validated against 3 other datasets. For further information, see the methodology documentation.",Comparison of total installed capacity versus similar datasets: 0.3% difference vs Platts; 1.3% difference vs Think Geoenergy; 9.6% difference vs World Resources Institute (WRI).,"NULL values in 28.2% of cells, though most columns complete (lat/long, year, name, gross cap).",Worldwide,Lat/long precision range 4-6,,http://data.europa.eu/89h/jrc-10128-10001,Uniform Resource Locator (URL),"Uihle, Andreas",JRC Geothermal Power Plant Dataset,Joint Research Centre,07/11/2018,2018,Non-longitudinal,Region-specific data sources range from 2010 to 2018,https://data.jrc.ec.europa.eu/dataset/jrc-10128-10001,Geothermal energy - power plant - renewables ,Data for Europe was mainly from the European Geothermal Energy Council (EGEC). Locations of power plants was manually retrieved. Information about the geothermal areas was adopted from the list of geothermal areas of OpenEI.,Worldwide,n/a,Open - download,Creative Commons Attribution 4.0 International,https://creativecommons.org/licenses/by/4.0/,,Available on the web,Dataset,Comma-separated values (CSV) file,88.7 KB,https://ec.europa.eu/info/legal-notice_en
3,hydro-power-database,TRUE,getJRC_hydro-power.py,https://raw.githubusercontent.com/energy-modelling-toolkit/hydro-power-database/master/data/,JRC: Hydro-power plants database,https://github.com/energy-modelling-toolkit/hydro-power-database,Dataset of European hydro plants with basic information on all the European hydro-power plants.,https://github.com/energy-modelling-toolkit/hydro-power-database/blob/master/README.md,https://github.com/energy-modelling-toolkit/hydro-power-database/blob/master/README.md,"The database has been built collecting the information from several other sources and then cross-checking and comparing in case of inconsistencies. For further information, see the methodology documentation.","Joint Research Centre (JRC) dataset: 1248 unique power plants, World Resources Institute (WRI) dataset: 1918 unique power plants","Blank values in 41.4% of cells, though most columns complete (lat/long, year, id, name, installed capacity)",EU27 + UK,Lat/long precision range 3-9,,https://github.com/energy-modelling-toolkit/hydro-power-database/blob/master/data/jrc-hydro-power-plant-database.csv,Uniform Resource Locator (URL),"De Felice, Matteo; Kavvadias, Konstantinos",JRC Hydro-power plants database,Joint Research Centre,08/07/2020,2020,Non-longitudinal,Varies by source used,https://github.com/energy-modelling-toolkit/hydro-power-database,Hydropower energy - system power - power plants,JRC Water-Energy-Food-Ecosystem Nexus project,EU27 + UK,n/a,Open - download,Creative Commons Attribution 4.0 International,https://creativecommons.org/licenses/by/4.0/,,Available on the web,Dataset,Comma-separated values (CSV) file,311 KB,
4,JRC-PPDB-OPEN,TRUE,getJRC-PPDB-OPEN.py,https://raw.githubusercontent.com/enermaps/JRC-PPDB-OPEN/master/,JRC: Open Power Plants Database,https://data.jrc.ec.europa.eu/dataset/9810feeb-f062-49cd-8e76-8d8cfd488a05,The Open Power Plants database contains locations of European power plants.,https://data.jrc.ec.europa.eu/dataset/9810feeb-f062-49cd-8e76-8d8cfd488a05,https://op.europa.eu/en/publication-detail/-/publication/7930ca56-adbf-11e9-9d01-01aa75ed71a1/language-en,"The linkage of available open sources (ENTSO-E, E-PRTR and other power plant databases) enabled the estimation of several performance parameters for a large part of the listed power plants. These are based on analysis of the generation time series provided in ENTSO-E's Transparency Platform, the CO₂ emissions published by the European Environmental Agency's E-PRTR database, as well as the country specific carbon intensity of fuels in each country, published by the UNFCCC. For further information, see the methodology documentation","Joint Research Centre (JRC) dataset: 809 unique power plants, World Resources Institute (WRI) dataset: 2202 unique power plants",Blank values in 53.5% of cells and in 75% of lat/long columns (mainly Italy and Spain).,EU27 + UK,Lat/long precision range 2-5,,http://data.europa.eu/89h/9810feeb-f062-49cd-8e76-8d8cfd488a05,Uniform Resource Locator (URL),"Hidalgo Gonzalez, Ignacio; Kanellopoulos, Konstantinos; De Felice, Matteo; Bocin, Andrei",JRC Open Power Plants Database (JRC-PPDB-OPEN),Joint Research Centre,03/07/2019,2019,Non-longitudinal,Varies by source used,https://data.jrc.ec.europa.eu/dataset/9810feeb-f062-49cd-8e76-8d8cfd488a05,Energy - power plant,Joint Research Centre (JRC) Open Power Plants Database (JRC-PPDB-OPEN),EU27 + UK,n/a,Open - download,Creative Commons Attribution 4.0 International,https://creativecommons.org/licenses/by/4.0/,,Available on the web,Dataset,Comma-separated values (CSV) file,3.07 MB (1.23 MB),
5,RES_proxies_EEA,TRUE,getEEA.py,,getENER,https://www.eea.europa.eu/data-and-maps/data/approximated-estimates-for-the-share-3,Approximated estimates for the share of gross final consumption of all renewable energy sources.,https://www.eea.europa.eu/data-and-maps/data/approximated-estimates-for-the-share-3,https://www.eea.europa.eu/publications/renewable-energy-in-europe-approximated,"The method used by the European Environment Agency (EEA) features a bottom-up calculation, including hundreds of calculations per Member State, using driving data to estimate GHG emissions. Most of the mathematical methods developed for this purpose can be abstracted from GHG calculations and adapted to estimated energy data. For further information, see the methodology documentation.",,Dataset has no blank/missing values.,"EU27 + UK, Iceland, Norway",NUTS0,,https://www.eea.europa.eu/ds_resolveuid/DAT-187-en,Uniform Resource Locator (URL),European Topic Centre for Air Pollution and Climate Change Mitigation,Approximated estimates for the share of gross final consumption of renewable energy sources in 2019 (EEA 2019 RES share proxies),European Environment Agency (EEA),14/12/2020,2020,Non-longitudinal,Varies by source used,https://www.eea.europa.eu/ds_resolveuid/DAT-187-en,Renewable energy shares - res proxies,European Environment Agency (EEA),"EU27 + UK, Iceland, Norway",n/a,Open - download,European Environmental Agency (EEA) standard re-use policy,https://www.eea.europa.eu/legal/copyright/copyright-en,,Available on the web,Dataset,Comma-separated values (CSV) file,6.55 KB (1.31 KB),For further information on use of dataset please visit https://www.eea.europa.eu/legal/copyright
6,nrg_d_hhq,TRUE,getEurostat.py,,Energy consumption in households,https://appsso.eurostat.ec.europa.eu/nui/show.do?dataset=nrg_d_hhq&lang=en,Share of final energy consumption in the residential sector by type of end-use.,https://ec.europa.eu/eurostat/cache/metadata/en/nrg_quant_esms.htm,https://ec.europa.eu/eurostat/documents/3859598/5935825/KS-GQ-13-003-EN.PDF/baa96509-3f4b-4c7a-94dd-feb1a31c7291,"Energy consumption in households can be caclulated using a variety of methods, principally: business surveys, households surveys, administrative data, or modelling techniques. For further information, see the methodology documentation.","""The accuracy of the basic data depends on the quality of the national statistical systems and may vary from country to country.""",Missing values in 37.0% of cells.,EU27 + UK,NUTS0,,https://appsso.eurostat.ec.europa.eu/nui/show.do?dataset=nrg_d_hhq&lang=en,Uniform Resource Locator (URL),Statistical Office of the European Union (Eurostat),Energy consumption in households,Statistical Office of the European Union (Eurostat),28/04/2020,2020,Annual,2010-2018,https://appsso.eurostat.ec.europa.eu/nui/show.do?dataset=nrg_d_hhq&lang=en,Residential sector -  final energy consumption - gross inland energy consumption,Eurostat,EU27 + UK,n/a,Open - download,Creative Commons Attribution 4.0 International,https://creativecommons.org/licenses/by/4.0/,,Available on the web,Dataset,Comma-separated values (CSV) file,52 KB,https://ec.europa.eu/info/legal-notice_en
7,electricitymap,TRUE,getElectricity.py,https://raw.githubusercontent.com/tmrowco/electricitymap-contrib/master/config/zones.json,Electricity Production Capacity,https://github.com/tmrowco/electricitymap-contrib/blob/master/DATA_SOURCES.md,Installed electricity production capacity per country.,,,,,,EU27 + UK,NUTS0,,https://ec.europa.eu/eurostat/databrowser/view/nrg_chddr2_m/default/table?lang=en,Uniform Resource Locator (URL),Electricity Map,Production capacity,Electricity Map,22/06/2021,2021,Real-time,Real-time,https://github.com/tmrowco/electricitymap-contrib/blob/master/DATA_SOURCES.md,Electricity production,Electricity Map,Worldwide,n/a,Open - download,MIT License,https://opensource.org/licenses/MIT,,Available on the web,Dataset,,,For further information on use of dataset please visit https://github.com/tmrowco/electricitymap-contrib/blob/master/LICENSE.txt
8,pop-lau,TRUE,getPopulation.py,https://ec.europa.eu/eurostat/documents/345175/6787248/LAU2_REFERENCE_DATES_POPL.xlsx,Eurostat: Local Administrative Units Population,https://ec.europa.eu/eurostat/web/nuts/local-administrative-units,Population data at the Local Administrative Units (LAU) level.,,,,,Dataset has no blank/missing values.,"EU27 + UK, Iceland, Liechtenstein, Norway, and Switzerland",LAU2,,https://data.europa.eu/euodp/data/dataset/YIX54AYLew2DOmPqK8dRfQ,Uniform Resource Locator (URL),Statistical Office of the European Union (Eurostat),Local administrative units,Statistical Office of the European Union (Eurostat),05/03/2021,2021,Non-longitudinal,2019,https://ec.europa.eu/eurostat/web/nuts/local-administrative-units,Population,Eurostat,"EU27 + UK, Iceland, Liechtenstein, Norway, and Switzerland",n/a,Open - download,Creative Commons Attribution 4.0 International,https://creativecommons.org/licenses/by/4.0/,,Available on the web,Dataset,Microsoft Excel (XLSX) file,12.4 MB,https://ec.europa.eu/info/legal-notice_en
9,nrg_chddr2_m,TRUE,getEurostat.py,,Eurostat: Degree days,https://ec.europa.eu/eurostat/databrowser/view/nrg_chddr2_m/default/table?lang=en,Heating and cooling degree days (monthly and annual).,https://ec.europa.eu/eurostat/cache/metadata/en/nrg_chdd_esms.htm#stat_process1554283803348,https://ec.europa.eu/eurostat/cache/metadata/en/nrg_chdd_esms.htm#stat_process1554283803348,"Heating Degree Days (HDD) index:  the severity of the cold in a specific time period taking into consideration outdoor temperature and average room temperature (in other words the need for heating). The calculation of HDD relies on the base temperature, defined as the lowest daily mean air temperature not leading to indoor heating. The value of the base temperature depends in principle on several factors associated with the building and the surrounding environment. By using a general climatological approach, the base temperature is set to a constant value of 15°C in the HDD calculation. Cooling degree days (CDD) index:  the severity of the heat in a specific time period taking into consideration outdoor temperature and average room temperature (in other words the need for cooling). The calculation of CDD relies on the base temperature, defined as the highest daily mean air temperature not leading to indoor cooling. The value of the base temperature depends in principle on several factors associated with the building and the surrounding environment. By using a general climatological approach, the base temperature is set to a constant value of 24°C in the CDD calculation. For further information, see the methodology documentation.",,Dataset has no blank/missing values.,EU27 + UK,NUTS3,,https://ec.europa.eu/eurostat/databrowser/view/cens_11dwob_r3/default/table?lang=en,Uniform Resource Locator (URL),Statistical Office of the European Union (Eurostat),Cooling and heating degree days by country - annual data,Statistical Office of the European Union (Eurostat),27/02/2020,2020,Annual,1975-2018,https://ec.europa.eu/eurostat/databrowser/view/nrg_chddr2_m/default/table?lang=en,Heating - cooling,Eurostat,EU27 + UK,n/a,Open - download,Creative Commons Attribution 4.0 International,https://creativecommons.org/licenses/by/4.0/,,Available on the web,Dataset,Tab-separated values (TSV) file,993 KB (345 KB),https://ec.europa.eu/info/legal-notice_en
11,jrc-10115-10001,TRUE,getSETIS.py,https://raw.githubusercontent.com/enermaps/datasets/main/SETIS/,SETIS: Private R&I investment in energy technologies,https://setis.ec.europa.eu/publications/setis-reseach-and-innovation-data_en,Integrated Strategic Energy Technology Plan Communication for each Member State on the level of investment in R&I from the private sector (expenditure by businesses and industry).,,https://setis.ec.europa.eu/sites/default/files/reports/monitoring_r_and_i_in_low-carbon_technologies.pdf,"The technology coverage follows the integrated SET Plan structure, showing the links between the Energy Union R&I and Competitiveness priorities, the SET Plan Integrated Roadmap and the 10 SET Plan actions.
Trends in patents: The data source is PATSTAT, the Worldwide Patent Statistical Database created and maintained by the European Patent Office (EPO).
Private R&I investments: Data are estimated based on financial information from publicly available company statements and patent data from PATSTAT.
Public (national) R&I investments: The International Energy Agency (IEA) statistics are the main source of data. For further information, see the methodology documentation.","""The SETIS estimations of private R&I are a metric aimed
at enabling relative comparisons over time, rather than an accurate account of private
investment figures""",Numerous missing  values,EU27 + UK,NUTS0,,https://appsso.eurostat.ec.europa.eu/nui/show.do?dataset=nama_10_co3_p3&lang=en,Uniform Resource Locator (URL),"Pasimeni, Francesco; Fiorini, Alessandro; Georgakaki, Aliki; Marmier, Alain; Jimenez Navarro, Juan Pablo; Asensio Bermejo, Jose Miguel",Private research and innovation (R&I) investment in energy technologies,Joint Research Centre,16/07/2018,2018,Annual,2010-2016,https://setis.ec.europa.eu/publications/setis-reseach-and-innovation-data_en,Research and innovation (R&I) - investment - energy technology,"Joint Research Centre ""Monitoring R&I in Low-Carbon Energy Technologies""",EU27 + UK,n/a,Open - download,Creative Commons Attribution 4.0 International,https://creativecommons.org/licenses/by/4.0/,,Available on the web,Dataset,Comma-separated values (CSV) file,361.16 KB,https://ec.europa.eu/info/legal-notice_en
12,cordisH2020projects,FALSE,,,CORDIS EU research projects under Horizon 2020,https://data.europa.eu/euodp/en/data/dataset/cordisH2020projects,This dataset contains projects and related organisations funded by the European Union under the Horizon 2020 framework programme for research and innovation from 2014 to 2020.,https://data.europa.eu/euodp/en/data/dataset/cordisH2020projects/resource/010f269b-9ee3-45a0-afea-c43aa1ef61ac,,Information from projects and related organisations funded by the European Union under the Horizon 2020 framework programme for research and innovation are collected and amalgamated monthly.,,Certain fields have missing values,EU27 + UK,NUTS0,,https://ec.europa.eu/eurostat/tgm/table.do?tab=table&init=1&language=en&pcode=t2020_rd320&plugin=1,Uniform Resource Locator (URL),European Commission,CORDIS - EU research projects under Horizon 2020 (2014-2020) ,European Commission Publications Office,10/12/2018,2018,Non-longitudinal,2014-2020,https://data.europa.eu/euodp/en/data/dataset/cordisH2020projects,Horizon 2020 - EU research projects,Community Research and Development Information Service (CORDIS),EU27 + UK,n/a,Open - download,Creative Commons Attribution 4.0 International,https://creativecommons.org/licenses/by/4.0/,,Available on the web,Dataset,Microsoft Excel (XLSX) file,28.3 MB,https://ec.europa.eu/info/legal-notice_en
14,PANGAEA.898014,TRUE,getPANGAEA.py,https://doi.pangaea.de/10.1594/PANGAEA.898014,Climate Extreme Indices,https://doi.pangaea.de/10.1594/PANGAEA.898014,"71 core and non-core climate extreme indices (CEIs) based on the Expert Team on Climate Change Detection and Indices (ETCCDI), and the Expert Team on Sector-specific Climate Indices (ET-SCI). ",,,,,,Worldwide,0.25 degree by 0.25 degree,10.1594/PANGAEA.898014,10.1594/PANGAEA.898014,Digital Object Identifier (DOI),"Mistry, Malcolm Noshir",Climate Extreme Indices,PANGAEA,13/03/2019,2019,Annual,1970-2016,https://doi.pangaea.de/10.1594/PANGAEA.898014,Climate,Energy A project,Worldwide,,Open - download,Creative Commons Attribution 4.0 International,https://creativecommons.org/licenses/by/4.0/,,Available on the web,Dataset,NetCDF file,83.9 GB,
15,cds.adbb2d47,TRUE,getEra5.py,reanalysis-era5-single-levels,Copernicus: hourly global climate and weather data,https://cds.climate.copernicus.eu/cdsapp#!/dataset/reanalysis-era5-single-levels?tab=overview,Data containing single-level climate and weather data (subset of the ERA5 reanalysis dataset).,https://cds.climate.copernicus.eu/cdsapp#!/dataset/sis-european-energy-sector?tab=overview,https://cds.climate.copernicus.eu/cdsapp#!/dataset/sis-european-energy-sector?tab=overview,,,,Worldwide,0.25°x0.25°,10.24381/cds.adbb2d47,10.24381/cds.adbb2d47,Digital Object Identifier (DOI),"Hersbach, H.; Bell, B.; Berrisford, P.; Biavati, G.; Horányi, A.; Muñoz Sabater, J.; Nicolas, J.; Peubey, C.; Radu, R.; Rozum, I.; Schepers, D.; Simmons, A.; Soci, C.; Dee, D.; Thépaut, J-N.",ERA5 hourly data on single levels from 1979 to present,Copernicus Climate Change Service,14/06/2018,2018,Hourly,1979-2021,https://cds.climate.copernicus.eu/cdsapp#!/dataset/reanalysis-era5-single-levels,Wind speed - precipitation - solar irradiance - air temperature,European Centre for Medium-Range Weather Forecasts (ECMWF) ERA5 reanalysis data,Worldwide,EPSG:4236,Open - download,Copernicus License Agreement,https://cds.climate.copernicus.eu/cdsapp/#!/terms/licence-to-use-copernicus-products,,Available on the web (login required),Dataset,GRIB file or NetCDF file,Varies by selection,Free account required. For further information on use of dataset please visit https://cds.climate.copernicus.eu/api/v2/terms/static/licence-to-use-copernicus-products.pdf
16,jrc-emhires-wind-generation-time-series,TRUE,getEMHIRES.py,https://zenodo.org/api/records/4803353,EMHIRES: Wind power generation,https://zenodo.org/record/4803353,High resolution renewable energy generation time series data of wind power capacity factors at NUTS 2 level.,,https://publications.jrc.ec.europa.eu/repository/bitstream/JRC103442/jrcreport_20161108_lastversion.pdf,"Total Full Load Hours (FLH) were calculated using the ratio between the sums of the energy produced (GWh) and the maximum possible generation (installed capacity(GW)*8760h (GWh)) per country. For further information, see the methodology documentation.","As opposed to the IRENA dataset, Renewable.ninja dataset, and the Global Wind Atlas, EMHIRES takes into account wind farm specific power curves for each location which increases its accuracy versus the other datasets.","Certain datasets from which this dataset was derived contained missing values, which were either completed with gap filling or certain datapoints were removed to create a complete dataset. ","EU27 + UK plus Iceland, Balkans countries",NUTS2,10.5281/zenodo.4803352,10.5281/zenodo.4803352,Digital Object Identifier (DOI),"Gonzalez Aparicio, Iratxe; Zucker, Andreas; Careri, Francesco; Monforti, Fabio; Huld, Thomas; Badger, Jake",30 years of wind power capacity factors at NUTS 2 level,Joint Research Centre,01/01/2019,2019,Hourly,1986-2015,https://zenodo.org/record/4803353,Wind power - renewable energy,Eurostat,"EU27 + UK, Iceland, Balkan countries",n/a,Open - download,Creative Commons Attribution 4.0 International,https://creativecommons.org/licenses/by/4.0/,,Available on the web,Dataset,Microsoft Excel (XLSX) file,536 MB (535 MB),
17,jrc-emhires-solar-generation-time-series,TRUE,getEMHIRES.py,https://zenodo.org/api/records/4803353,EMHIRES: Solar power generation,https://zenodo.org/record/4803353,High resolution renewable energy generation time series data of solar power capacity factors at NUTS 2 level.,,https://publications.jrc.ec.europa.eu/repository/bitstream/JRC106897/emhirespv_gonzalezaparicioetal2017_newtemplate_corrected_last.pdf,"Capacity factors were calculated from the ratio between the sums of the energy produced (GWh) and the maximum possible generation (installed capacity (GW)*8760) per country. For further information, see the methodology documentation.","The validation of EMHIRES against power system statistics and time series published by Transmission System Operators shows a very good performance over the countries analysed. EMHIRES is able to capture the variability of solar energy, the seasonality and diurnal cycles and also the peaks and ramps. There is a general slight overestimation of the simulations due to the uncertainties accumulated in the theoretical process of the conversion of radiation into generation. ",Missing data from derived datasets (i.e. CM-SAF SARAH) were reconstructed to create a complete dataset.,EU27 + UK,NUTS2,10.5281/zenodo.4803352,10.5281/zenodo.4803352,Digital Object Identifier (DOI),"Gonzalez-Aparicio, Iratxe; Huld, Thomas; Careri, Francesco; Monforti, Fabio; Zucker, Andreas",30 years of hourly solar power capacity factors at NUTS 2 level,Joint Research Centre,01/01/2019,2019,Hourly,1986-2015,https://zenodo.org/record/4803353,Solar power - renewable energy,Eurostat,EU27 + UK,n/a,Open - download,Creative Commons Attribution 4.0 International,https://creativecommons.org/licenses/by/4.0/,,Available on the web,Dataset,Microsoft Excel (XLSX) file,410 MB (360 MB),
18,GTF-energy-efficiency,TRUE,getEnergydata.py,https://energydata.info/api/3/action/datastore_search?offset={offset}&resource_id={ID},Energy Efficiency Indicator,https://energydata.info/dataset/world-global-tracking-framework-2017/resource/5ed45e2a-0291-4338-aeda-46da78470aff,The Global Tracking Framework measures the national energy intensities and the compound annual growth rate for all countries from 1990-2014.,https://energydata.info/dataset/world-global-tracking-framework-2017/resource/5ed45e2a-0291-4338-aeda-46da78470aff,"https://webstore.iea.org/global-tracking-framework-2013#:~:text=The%20Global%20Tracking%20Framework%2C%20a,doubling%20the%20global%20rate%20of","SE4ALL Global Tracking Framework for energy efficiency will: Rely primarily on energy intensity indicators; Use PPP measures for GDP and sectoral value-added; Use primary energy supply for national indicators and final energy consumption for sectoral indicators; Complement those indicators with energy intensity of supply and of the major demand sectors; Provide a decomposition analysis to at least partially strip out confounding effects on energy intensity; Use a five-year moving average for energy intensity trends to smooth out extraneous fluctuations. For further information, see the methodology documentation.",,Missing values in 16.3% of cells,Worldwide,NUTS0,,https://doi.org/10.2760/687800,Uniform Resource Locator (URL),Global Tracking Framework,Energy Efficiency Indicator Results ,EnergyData.Info,14/11/2018,2018,Annual,1990-2014,https://energydata.info/dataset/world-global-tracking-framework-2017/resource/5ed45e2a-0291-4338-aeda-46da78470aff,Energy efficiency,Global Tracking Framework,Worldwide,n/a,open - download,Creative Commons Attribution 4.0 International,https://creativecommons.org/licenses/by/4.0/,,Available on the web,Dataset,Comma-separated values (CSV) file,81.5 KB,
19,JRC-EDGAR-FT,TRUE,getEdgar.py,https://raw.githubusercontent.com/enermaps/edgar-co2-emissions/master/,EDGAR CO₂ emissions,https://github.com/openclimatedata/edgar-co2-emissions,"Timeseries 1970–2018 of CO₂ emissions by country and sector (Buildings, Power Industry, Transport, Other industrial combustion, Other sectors) in Mt CO₂/year.",https://github.com/openclimatedata/edgar-co2-emissions/blob/master/datapackage.json,https://op.europa.eu/en/publication-detail/-/publication/9d09ccd1-e0dd-11e9-9c4e-01aa75ed71a1/language-en,"In EDGAR, emissions per country and compound are calculated on an annual basis and sector wise by multiplying the country-specific activity and technology mix data by country-specific emission factors and reduction factors for installed abatement system for each sector. For further information, see the methodology documentation.",,,Worldwide,NUTS0,10.2760/687800,https://doi.org/10.24381/cds.bd0915c6,Digital Object Identifier (DOI),"Crippa, M.; Oreggioni, G.; Guizzardi, D.; Muntean, M.; Schaaf, E.; Lo Vullo, E.; Solazzo, E.; Monforti-Ferrario, F.; Olivier, J.G.J.; Vignati, E.",Data Package with EDGAR CO₂ emissions,Joint Research Centre,26/09/2019,2019,Annual,1970-2018,https://github.com/openclimatedata/edgar-co2-emissions,CO₂ emissions,Joint Research Centre (European Commission),Worldwide,n/a,Open - download,Creative Commons Attribution 4.0 International,https://creativecommons.org/licenses/by/4.0/,,Available on the web,Dataset,Text (TXT) file,2.29 MB,https://ec.europa.eu/info/legal-notice_en
20,cds.bd0915c6,TRUE,getEra5.py,reanalysis-era5-pressure-levels,Copernicus: hourly data on pressure levels,https://cds.climate.copernicus.eu/cdsapp#!/dataset/reanalysis-era5-pressure-levels?tab=overview,Data containing pressure levels data (subset of the ERA5 reanalysis dataset).,https://cds.climate.copernicus.eu/cdsapp#!/dataset/reanalysis-era5-pressure-levels?tab=overview,https://cds.climate.copernicus.eu/cdsapp#!/dataset/reanalysis-era5-pressure-levels?tab=overview,,,,Worldwide,0.25°x0.25°,10.24381/cds.bd0915c6,10.5281/zenodo.3243384,Digital Object Identifier (DOI),"Hersbach, H.; Bell, B.; Berrisford, P.; Biavati, G.; Horányi, A.; Muñoz Sabater, J.; Nicolas, J.; Peubey, C.; Radu, R.; Rozum, I.; Schepers, D.; Simmons, A.; Soci, C.; Dee, D.; Thépaut, J-N.",ERA5 hourly data on pressure levels from 1979 to present,Copernicus Climate Change Service,14/06/2018,2018,Hourly,1979-2021,https://cds.climate.copernicus.eu/cdsapp#!/dataset/reanalysis-era5-pressure-levels,Air pressure - relative humidity,European Centre for Medium-Range Weather Forecasts (ECMWF) ERA5 reanalysis data,Worldwide,EPSG:4236,Open - download,Copernicus License Agreement,https://cds.climate.copernicus.eu/cdsapp/#!/terms/licence-to-use-copernicus-products,,Available on the web (login required),Dataset,GRIB file or NetCDF file,Varies by selection,Free account required. For further information on use of dataset please visit https://cds.climate.copernicus.eu/api/v2/terms/static/licence-to-use-copernicus-products.pdf
21,EU-DEM,TRUE,getESM-EUDEM.py,,European Digital Elevation Model (EU-DEM),https://land.copernicus.eu/imagery-in-situ/eu-dem/eu-dem-v1.1?tab=download,The EU Digital Elevation Model (EU-DEM) combines data from different sources into a single consistent and homogeneous elevation dataset.,https://land.copernicus.eu/imagery-in-situ/eu-dem/eu-dem-v1.1?tab=metadata,,,,,"Albania, Austria, Belgium, Bosnia and Herzegovina, Bulgaria, Croatia, Cyprus, Czechia, Denmark, Estonia, Finland, France, Germany, Greece, Hungary, Iceland, Ireland, Italy, Kosovo, Latvia, Liechtenstein, Lithuania, Luxembourg, Malta, Montenegro, Netherlands, North Macedonia, Norway, Poland, Portugal, Romania, Serbia, Slovakia, Slovenia, Spain, Sweden, Switzerland, Turkey, United Kingdom",1000 x 1000 km / 25 m resolution ,,10.5281/zenodo.4687579,Uniform Resource Locator (URL),European Environment Agency,EU-DEM v1.1,Copernicus Climate Change Service,20/04/2016,2016,Non-longitudinal,2011,https://land.copernicus.eu/imagery-in-situ/eu-dem/eu-dem-v1.1?tab=download,Digital elevation model,Copernicus programme,"Bounding box: West = -54.925613, East = 93.178583, North = 71.899220, South = -21.567515",EPSG:3035,Open - download,"See ""Other relevant information""",,,Available on the web,Dataset,GEOTIFF file,47.0 GB (47.0 GB),"Access to data is based on a principle of full, open and free access as established by the Copernicus data and information policy Regulation (EU) No 1159/2013 of 12 July 2013. This regulation establishes registration and licensing conditions for GMES/Copernicus users and can be found here: http://eur-lex.europa.eu/legal-content/EN/TXT/?uri=CELEX%3A32013R1159."
22,nrg_ind_eff,TRUE,getEurostat.py,,Eurostat: Energy efficiency indicator,https://data.europa.eu/euodp/data/dataset/YIX54AYLew2DOmPqK8dRfQ,This dataset covers indicators for monitoring progress towards energy efficiency targets of Europe 2020 strategy implemented by Directive 2012/27/EU on energy efficiency.,https://ec.europa.eu/eurostat/cache/metadata/en/nrg_ind_eff_esms.htm,https://ec.europa.eu/eurostat/documents/3859598/5885369/NRG-2004-EN.PDF/b3c4b86f-8e88-4ca6-9188-b95320900b3f,"The energy efficiency indicators are derived from energy balances, which are  obtained when you convert the natural units in the commodity balances to the chosen energy unit by multiplying by the appropriate conversion equivalent for each of the natural units. For further information, see the methodology documentation.",,,EU27 + UK,NUTS0,,10.5281/zenodo.3524917,Uniform Resource Locator (URL),Statistical Office of the European Union (Eurostat),Energy efficiency indicator,Statistical Office of the European Union (Eurostat),03/02/2020,2020,Annual,1990-2018,https://data.europa.eu/euodp/data/dataset/YIX54AYLew2DOmPqK8dRfQ,Energy efficiency,Eurostat,EU27 + UK,n/a,Open - download,Creative Commons Attribution 4.0 International,https://creativecommons.org/licenses/by/4.0/,,Available on the web,Dataset,Tab-separated values (TSV) file,116 KB (16.8 KB),https://ec.europa.eu/info/legal-notice_en
23,jrc-projected-water-withdrawal,TRUE,getWater.py,https://zenodo.org/api/records/3243384,Projected fresh water use from the European energy sector,https://zenodo.org/record/3243384#.XVZwpegzaUl,The dataset contains projections of fresh water withdrawal and consumption from the European energy sector on NUTS2 level by 2050 following EU Energy Reference Scenario 2016. ,https://zenodo.org/record/3243384#.XxT5854zY2y,https://ec.europa.eu/jrc/en/publication/projected-fresh-water-use-european-energy-sector,"The projected water used by the energy system is based on the combination of the EU Energy Reference Scenario with water withdrawal and consumption factors for the different processes considered throughout the report. These water factors were gathered from a broad literature review. For further information, see the methodology documentation.","Compared to Eurostat estimates, Joint Research Centre estimates are within the reported range for most countries (discrepancies for Germany, Italy, Netherlands, Poland, and Greece)",Dataset has no blank/missing values,EU27 + UK,NUTS2,10.5281/zenodo.3243384,https://zenodo.org/record/3243384/export/hx,Digital Object Identifier (DOI),"Medarac, Hrvoje; Magagna, Davide; Hidalgo González, Ignacio",Projected fresh water use from the European energy sector on NUTS2 level by 2050 following EU Energy Reference Scenario 2016,Joint Research Centre,11/06/2019,2019,5-year intervals,2015-2050,https://zenodo.org/record/3243384#.XVZwpegzaUl,Water withdrawal - water consumption - water use - energy production,"""Projected fresh water use from the European energy sector"" by the Joint Research Centre",EU27 + UK,n/a,Open - download,Creative Commons Attribution 4.0 International,https://creativecommons.org/licenses/by/4.0/,,Available on the web,Dataset,Microsoft Excel (XLSX) file,1.09 MB,
24,world-solar-irradiation-and-pv-power-potential-map,TRUE,getSolarAtlas.py,,Photovoltaic power potential,https://globalsolaratlas.info/download/europe-and-central-asia,Photovoltaic power potential for Europe.,https://energydata.info/dataset/world-solar-irradiation-and-pv-power-potential-map,https://globalsolaratlas.info/support/methodology,"The location-specific information provided by the Atlas involves three main different models: Solar radiation model; Air temperature model; PV power simulation model. Solar radiation and air temperature modeling result in a series of pre-calculated data layers that can be retrieved at (almost) any location on the map. Additional information about a possible PV system type and configuration are used for the PV power simulation, which is calculated on-demand using Solargis internal algorithms and databases. For further information, see the methodology documentation.","""In most situations the expected uncertainty for annual values will be within ±4% for Global Horizontal Irradiance (GHI) values and ±9% for Direct Normal Irradiance (DNI) values for most of Europe and North America (approx. below 50°N) and Japan.""","""Missing records are very rare in the modern satellite and model data inputs. Intelligent gapfilling algorithms are used for gap filling. Historical satellite missions show higher percentage of missing or incorrect data records.""",Worldwide,250 m resolution,,https://globalsolaratlas.info/download/europe-and-central-asia,Uniform Resource Locator (URL),"Betak, Juraj; Caltik, Marek; Cebecauer, Tomas; Chrkavy, Daniel; Erdelyi, Branislav; Rosina, Konstantin; Suri, Marcel; Suriova, Nada",Global Solar Atlas,The World Bank Group and Solargis,23/10/2019,2019,Annual,1999-2018,https://globalsolaratlas.info/download/europe-and-central-asia,Photovoltaic power density,Global Solar Atlas,Worldwide,EPSG:4326,Open - download,Creative Commons Attribution 4.0 International,https://creativecommons.org/licenses/by/4.0/,,Available on the web,Dataset,"GEOTIFF, AAIGRID, or KML/KMZ file",3.47 GB (3.44 GB),https://globalsolaratlas.info/support/terms-of-use
25,hotmaps_potential_wind,TRUE,getHotMaps_raster.py,https://gitlab.com/hotmaps/potential/potential_wind/-/raw/master/,HotMaps: Wind energy potential,https://gitlab.com/hotmaps/potential/potential_wind,"Data show the total energy potential of wind in the EU28. Raster data with the power density of wind at 50, 100 and 200 m are presented and then have been aggregated at NUTS3 level in Grass GIS, through the Corine Land Cover and by excluding urban areas, bird connectivity corridors, mountain peaks over 2500m and protected areas from the Natura 2000 framework. In the dataset we report the median value at NUTS3 level as indicator of the wind potential.",https://gitlab.com/hotmaps/potential/potential_wind/-/blob/master/datapackage.json,https://gitlab.com/hotmaps/potential/potential_wind/-/blob/master/README.md,"Raster data with the power density of wind at 50, 100 and 200 m have been aggregated at NUTS3 level in Grass GIS, through the Corine Land Cover and by excluding urban areas, bird connectivity corridors, mountain peaks over 2500m and protected areas from the Natura 2000 framework. Data on the wind-energy potential in W/m2 have been drawn by the Global Wind Atlas (DTU Department of Wind Energy) for 50, 100, 200 m hub heights.",,,EU27 + UK,NUTS3,10.5281/zenodo.4687579,https://gitlab.com/hotmaps/potential/potential_wind/-/tree/master/data,Digital Object Identifier (DOI),"Garegnani, Giulia; Scaramuzzino, Chiara
",Wind energy potential,HotMaps,16/11/2017,2017,Annual,,https://gitlab.com/hotmaps/potential/potential_wind,Potential-wind,Horizon 2020 HotMapsproject,EU27 + UK,n/a,Open - download,Creative Commons Attribution 4.0 International,https://creativecommons.org/licenses/by/4.0/,,Available on the web,Dataset,GEOTIFF file,251 MB,
27,S2BIOM,TRUE,getS2BIOM.py,https://s2biom.wenr.wur.nl/doc/data/data_{}.xlsx,S2BIOM: Biomass supply,https://s2biom.wenr.wur.nl/web/guest/data-downloads,Estimated supply of biomass resources in Europe.,,http://s2biom.alterra.wur.nl/web/guest/biomass-cost#_48_INSTANCE_bNEOGMUfuY37_%253Dhttp%25253A%25252F%25252Fs2biom.alterra.wur.nl%25252Fbiomasscostsupplyviewer%25252Findex.html%25253Fmode%25253Dcost%252526%3D%26_48_INSTANCE_bNEOGMUfuY37_%3Dhttp%253A%252F%252Fs2biom.alterra.wur.nl%252Fbiomasscostsupplyviewer%252Fhttp%253A%252F%252Fs2biom.alterra.wur.nl%252Fbiomasscostsupplyviewer%252Findex.html%253Fmode%253Dcost%2526,,,,EU27 + UK,NUTS3,,https://s2biom.wenr.wur.nl/web/guest/data-downloads,Uniform Resource Locator (URL),S2Biom project consortium,Production from forests,S2BIOM,01/01/2017,2017,Non-longitudinal,2012,https://s2biom.wenr.wur.nl/web/guest/data-downloads,Biomass chain data  -Biomass cost-supply,S2BIOM project,EU27 + UK,n/a,Open - download,,,,Available on the web,Dataset,Microsoft Excel (XLSX) file,15.1 MB,HTTP Status 404 - /biomasscostsupplyviewer/http://s2biom.alterra.wur.nl/biomasscostsupplyviewer/index.html
28,hotmaps-building-stock,TRUE,getHotMaps_tabular.py,https://gitlab.com/hotmaps/building-stock/-/raw/master/,HotMaps: Building stock analysis,https://gitlab.com/hotmaps/building-stock,"This dataset contains building stock analysis data for EU28. Data is available per country and are organized by residential and service sectors, addressing specific types of buildings and time periods.",https://gitlab.com/hotmaps/building-stock/-/blob/master/datapackage.json,https://gitlab.com/hotmaps/building-stock/-/blob/master/README.md,"The data collected in the building stock analysis are used as starting point to calculate the useful energy demand (UED) for space heating (SH), space cooling (SC), and domestic hot water (DHW) for each EU28 MS down to its local level, and to derive scenarios for the future development of the UED. ",,"Incomplete source data was reconstructed by ""extrapolating and assembling data from large data tools"" and ""researching data sourceby-source from single scientific literature fonts as journal papers, conference proceedings and project deliverables""",EU27 + UK,NUTS0,,https://gitlab.com/hotmaps/building-stock/-/blob/master/data/building_stock.xlsx,Uniform Resource Locator (URL),"Pezzutto, Simon; Croce, Silvia; Zambotti, Stefano",Building stock analysis,HotMaps,09/01/2019,2019,Non-longitudinal,The majority of data refer to the year 2016,https://gitlab.com/hotmaps/building-stock,Building characteristics - Building surface volume ratio,Horizon 2020 HotMapsproject,EU27 + UK,n/a,Open - download,Creative Commons Attribution 4.0 International,https://creativecommons.org/licenses/by/4.0/,,Available on the web,Dataset,Microsoft Excel (XLSX) file,2.12 MB,https://spdx.org/licenses/CC-BY-4.0.html
29,SET-Nav,TRUE,getSET-Nav.py,,H2020 SET-Nav: Detailed scenario results for energy demand by the INVERT/EE-Lab model ,https://data.ene.iiasa.ac.at/set-nav/#/downloads,Strategic Energy Roadmap datasets containing scenario data for energy demand.,,https://www.invert.at/methodology.php,"The core of the tool is a nested logit approach, which optimizes objectives of “agents” under imperfect information conditions and by that represents the decisions maker concerning building related decisions. For further information, see the methodology documentation.",,Missing values in 9.7% of cells,EU27 + UK,NUTS0,,https://data.ene.iiasa.ac.at/set-nav/#/downloads,Uniform Resource Locator (URL),SET-Nav consortium,SET-Nav Scenario Explorer,SET-Nav,13/05/2019,2019,"For year 2012, and then 2015 to 2050 in 5-year intervals",2012-2050,https://data.ene.iiasa.ac.at/set-nav/#/downloads,Modelling Portofolio - Modelling Forum - Evaluation of energy policies - Stakeholder dialogue and dissemination,Horizon 2020 SET-Nav project,EU27 + UK,n/a,Open - download (Login guest),Creative Commons Attribution 4.0 International,https://creativecommons.org/licenses/by/4.0/,,Available on the web,Dataset,Microsoft Excel (XLSX) file,9.53 MB,https://creativecommons.org/licenses/by/4.0/
30,GISCO-GEOSTAT,TRUE,getENER.py,,Fuel consumption and technologies used in the heating/cooling sector,https://ec.europa.eu/energy/studies/mapping-and-analyses-current-and-future-2020-2030-heatingcooling-fuel-deployment_en,"These are the final results of a study of fuel consumption and technologies used in the heating/cooling sector in EU28+3 (Tender ENER/C2/2014-641). Analysis of scenarios up to 2020 and 2030 and a related economic analysis were also carried out together with the identification of obstacles, best practices and policy recommendations.",,,,,,"EU27 + UK plus Norway, Switzerland, and Iceland",NUTS0,,https://ec.europa.eu/energy/studies/mapping-and-analyses-current-and-future-2020-2030-heatingcooling-fuel-deployment_en,Uniform Resource Locator (URL),Authors of ENER/C2/2014-641 tender ,Mapping and analyses of the current and future (2020 - 2030) heating/cooling fuel deployment (fossil/renewables),European Commission Directorate-General for Energy (DG Energy),22/01/2020,2020,Non-longitudinal,2012,https://ec.europa.eu/eurostat/web/gisco/geodata/reference-data/population-distribution-demography/geostat,Heating - cooling - consumption,Renewable cooling tender (ENER/C2/2014-641),"EU27 + UK plus Norway, Switzerland, and Iceland",n/a,Open - download,Creative Commons Attribution 4.0 International,https://creativecommons.org/licenses/by/4.0/,,Available on the web,Dataset,Microsoft Excel (XLSX) file,83.0 MB (74.2 MB),https://ec.europa.eu/info/legal-notice_en
31,potential_geothermal_raster,TRUE,getHotMaps_raster.py,https://gitlab.com/hotmaps/potential/potential_geothermal_raster/-/raw/master/,INTERREG GRETA,https://gitlab.com/hotmaps/potential/potential_geothermal_raster,Financial and economic data of Near SurFace Geothermal Energy in Central Europe.,https://gitlab.com/hotmaps/potential/potential_geothermal_raster/-/blob/master/datapackage.json,https://gitlab.com/hotmaps/potential/potential_geothermal_raster/-/blob/master/README.md,,,,EU27 + UK,NUTS3,,https://gitlab.com/hotmaps/potential/potential_geothermal_raster,Uniform Resource Locator (URL),GRETA consortium,potential_geothermal_raster,GRETA,20/05/2019,2019,Non-longitudinal,2013,https://gitlab.com/hotmaps/potential/potential_geothermal_raster,Geothermal energy,INTERREG GRETA project,EU27 + UK,n/a,Open - download,Creative Commons Attribution 4.0 International,https://creativecommons.org/licenses/by/4.0/,,Available on the web,Dataset,GEOTIFF file,90.8 MB (46.1 MB),
33,copernicus-building-height,TRUE,getBuildingHeight.py,,Building Height,https://land.copernicus.eu/local/urban-atlas/building-height-2012?tab=download,A 10m high resolution raster layer containing height information is generated for core urban areas of capitals of the 39 European Environmental Agency nations (EEA39) as part of the Urban atlas. ,https://land.copernicus.eu/local/urban-atlas/building-height-2012?tab=metadata,,,,,"Albania, Austria, Belgium, Bosnia and Herzegovina, Bulgaria, Croatia, Cyprus, Czechia, Denmark, Estonia, Finland, France, Germany, Greece, Hungary, Iceland, Ireland, Italy, Kosovo, Latvia, Liechtenstein, Lithuania, Luxembourg, Malta, Montenegro, Netherlands, North Macedonia, Norway, Poland, Portugal, Romania, Serbia, Slovakia, Slovenia, Spain, Sweden, Switzerland, Turkey, United Kingdom",10 m resolution,,https://land.copernicus.eu/local/urban-atlas/building-height-2012?tab=download,Uniform Resource Locator (URL),European Environment Agency,Building Height 2012,Copernicus Land Monitoring Service,19/03/2020,2020,Non-longitudinal,2011-2014,https://land.copernicus.eu/local/urban-atlas/building-height-2012?tab=download,Elevation - digital height model - building height,Copernicus programme,"Bounding box: West = -22.131016, East = 33.481341, North = 64.380351, South = 35.068531",EPSG:3035,Open - download,"See ""Other relevant information""",,,Available on the web,Dataset,GEOTIFF file,68.6 MB,"Access to data is based on a principle of full, open and free access as established by the Copernicus data and information policy Regulation (EU) No 1159/2013 of 12 July 2013. This regulation establishes registration and licensing conditions for GMES/Copernicus users and can be found here: http://eur-lex.europa.eu/legal-content/EN/TXT/?uri=CELEX%3A32013R1159."
35,copernicus-european-settlement-map,TRUE,getESM-EUDEM.py,,European Settlement Map,https://land.copernicus.eu/pan-european/GHSL/european-settlement-map/esm-2012-release-2017-urban-green?tab=download,The European Settlement Map is a spatial raster dataset that is mapping human settlements in Europe based on Copernicus Very High Resolution optical coverage.,https://land.copernicus.eu/pan-european/GHSL/european-settlement-map/esm-2012-release-2017-urban-green?tab=metadata,https://ec.europa.eu/jrc/en/publication/european-settlement-map-2017-release-methodology-and-output-european-settlement-map-esm2p5m,,,,"Albania, Austria, Belgium, Bosnia and Herzegovina, Bulgaria, Croatia, Cyprus, Czechia, Denmark, Estonia, Finland, France, Germany, Greece, Hungary, Iceland, Ireland, Italy, Kosovo, Latvia, Liechtenstein, Lithuania, Luxembourg, Malta, Montenegro, Netherlands, North Macedonia, Norway, Poland, Portugal, Romania, Serbia, Slovakia, Slovenia, Spain, Sweden, Switzerland, Turkey, United Kingdom",2.5 m resolution,,https://land.copernicus.eu/pan-european/GHSL/european-settlement-map/esm-2012-release-2017-urban-green?tab=download,Uniform Resource Locator (URL),Joint Research Centre,ESM 2012 - Release 2017,Copernicus Climate Change Service,09/11/2017,2017,Non-longitudinal,2010-2013,https://land.copernicus.eu/pan-european/GHSL/european-settlement-map/esm-2012-release-2017-urban-green?tab=download,European Settlement Map - land,"Insitute for Protection and Security of the Citizen, Joint Research Centre","Bounding box: West = 844000, East = 842000, North = 7344000, South = 5442000",EPSG:3035,Open - download,Creative Commons Attribution 4.0 International,https://creativecommons.org/licenses/by/4.0/,,Available on the web,Dataset,GEOTIFF file,108 GB,
36,episcope-building-typology,FALSE,,,TABULA: Building typology data,http://webtool.building-typology.eu/#bm,Building typology data,,https://episcope.eu/building-typology/overview/,,"Accuracy is split into 3 levels (A, B, and C), based on whether the data is determined by the whole building stock, a large number of example buildings, or is estimated based on a few example buildings.",Not all building types represented for each region.,"Austria, Belgium, Cyprus, Czechia, France, Germany, Great Britain, Hungary, Ireland, Italy, Netherlands, Norway, Slovenia, Spain",,,http://webtool.building-typology.eu/#bm,Uniform Resource Locator (URL),TABULA project consortium,TABULA WebTool,EPISCOPE,06/11/2017,2017,Non-longitudinal,1899-2016,http://webtool.building-typology.eu/#bm,Building typology,Intelligent Energy Europe,"Austria, Belgium, Cyprus, Czechia, France, Germany, Great Britain, Hungary, Ireland, Italy, Netherlands, Norway, Slovenia, Spain",n/a,Open - download,"See ""Other relevant information""",,,Available on the web,Dataset,Microsoft Excel (XLSX) file,32.7 MB,For further information on use of dataset please see text at the bottom of the following page https://episcope.eu/communication/download/
37,episcope-average-buildings,FALSE,,,EPISCOPE: Case study scenario analyses,https://episcope.eu/communication/download/,"The EPISCOPE project focused on the energy refurbishment of houses in 20 European countries. Among the collected information, data regarding the construction period (different classes are defined in each country) and the building type (single-family, terraced house, multi-family house and apartment block) may be useful for risk assessment of large geographic areas.",,https://episcope.eu/monitoring/average-buildings/,,"According to the EPISCOPE Synthesis Report SR4, quality data was not available for all countries. The accuracy of the data used may be varied based on how the data was obtained.","Datasets have no blank/missing values. EPISCOPE Synthesis Report SR4 describes the lack of empirical primary data, including the ""wide information gaps concerning the actual state as well as the trends of building thermal insulation and efficient / renewable heating systems""","Austria, Belgium, Cyprus, Czechia, France, Germany, Great Britain, Hungary, Ireland, Italy, Netherlands, Norway, Slovenia, Spain",,,https://episcope.eu/communication/download/,Uniform Resource Locator (URL),EPISCOPE project consortium,TABULA WebTool,EPISCOPE,31/03/2016,2016,Non-longitudinal,2012/2020/2030/2050,https://episcope.eu/communication/download/,Building stock - energy efficiency,Intelligent Energy Europe,"Austria, Belgium, Cyprus, Czechia, France, Germany, Great Britain, Hungary, Ireland, Italy, Netherlands, Norway, Slovenia, Spain",n/a,Open - download,"See ""Other relevant information""",,,Available on the web,Dataset,Microsoft Excel (XLSX) file,9.52 MB,For further information on use of dataset please see text at the bottom of the following page https://episcope.eu/communication/download/
42,cens_11r,TRUE,getEurostat.py,,"National Housing Census: Conventional dwellings by occupancy status, type of building",https://ec.europa.eu/eurostat/databrowser/view/cens_11dwob_r3/default/table?lang=en,The National Housing Census contains socioeconomic data as well as building stock data including type and size of housing,https://ec.europa.eu/eurostat/cache/metadata/en/cens_11r_esmscs.htm,,Data in the National Housing Census are taken from national sources which use a variety of techniques to gather data (i.e. surveys).,,Missing values in <0.5% of cells (for type of living quarter by country),EU27 + UK,NUTS3,,https://ec.europa.eu/eurostat/databrowser/view/cens_11dwob_r3/default/table?lang=en,Uniform Resource Locator (URL),Statistical Office of the European Union (Eurostat),National Housing Census,Statistical Office of the European Union (Eurostat),01/03/2014,2014,Non-longitudinal,2011,https://ec.europa.eu/eurostat/databrowser/view/cens_11dwob_r3/default/table?lang=en,Housing data - socioeconomic data,Eurostat,EU27 + UK,n/a,Open - download,Creative Commons Attribution 4.0 International,https://creativecommons.org/licenses/by/4.0/,,Available on the web,Dataset,Microsoft Excel (XLSX) file,6.18 KB,https://ec.europa.eu/info/legal-notice_en
43,hotmaps_heat_tot_curr_density,TRUE,getHotMaps_raster.py,https://gitlab.com/hotmaps/heat/heat_tot_curr_density/-/raw/master/,HotMaps: Heat demand density,https://gitlab.com/hotmaps/heat/heat_tot_curr_density,This dataset shows the final energy demand for heating and hot water of buildings in EU28 on hectare (ha) level.,https://gitlab.com/hotmaps/heat/heat_tot_curr_density/-/blob/master/datapackage.json,https://gitlab.com/hotmaps/heat/heat_tot_curr_density/-/blob/master/README.md,,,,"EU27 + UK, Switzerland, Norway, Iceland",100m x 100m,,https://gitlab.com/hotmaps/heat/heat_tot_curr_density/-/tree/master/data,Uniform Resource Locator (URL),"Mueller, Andreas; Fallahnejad, Mostafa","Heat density map (final energy demand for heating and DHW) of buildings in EU28 + Switzerland, Norway and Iceland for the year 2015",HotMaps,10/08/2020,2020,Non-longitudinal,2015,https://gitlab.com/hotmaps/heat/heat_tot_curr_density,Building stock - heat density,Horizon 2020 HotMapsproject,"EU27 + UK, Switzerland, Norway, Iceland",n/a,Open - download,Creative Commons Attribution 4.0 International,https://creativecommons.org/licenses/by/4.0/,,Available on the web,Dataset,GEOTIFF file,128 MB,
44,echoes_survey,FALSE,,,ECHOES: International survey on energy-related choices and behaviour,https://zenodo.org/record/3524917#.X7RkzMhKg2w,ECHOES stands for “Energy CHOices supporting the Energy Union and the SET-Plan”. It is an EU funded research project that provides deeper understanding on individual and collective energy-related choices and behaviour. The international survey of the ECHOES project is a large survey dataset than contains responses from 31 countries: EU-28 (2018) + 3 countries.,https://zenodo.org/record/3524917#.X7RkzMhKg2w,,,,,n/a,n/a,10.5281/zenodo.3524917,https://zenodo.org/record/3524917#.X7RkzMhKg2w,Digital Object Identifier (DOI),"Reichl, Johannes; Cohen, Jed; Kollmann, Andrea; Azarova, Valeria; Klöckner, Christian; Royrvik, Jens; Vesely, Stepan; Carrus, Giuseppe; Panno, Angelo; Tiberio, Lorenza; Fritsche, Immo; Masson, Torsten; Chokrai, Parissa; Lettmayer, Gudrun; Schwarzinger, Stephan; Bird, Neil",International survey of the ECHOES project,ECHOES,01/11/2019,2019,Non-longitudinal,2018,https://zenodo.org/record/3524917#.X7RkzMhKg2w,Behaviour - energy-related choices,ECHOES project,n/a,n/a,Open - download,Creative Commons Attribution 4.0 International,https://creativecommons.org/licenses/by/4.0/,,Available on the web,Dataset,Microsoft Excel (XLSX) file,56.0 MB (16.7 MB),
45,hotmaps_gfa_tot_curr_density,TRUE,getHotMaps_raster.py,https://gitlab.com/hotmaps/gfa_tot_curr_density/-/raw/master/,HotMaps: Heated gross floor area density,https://gitlab.com/hotmaps/gfa_tot_curr_density,This dataset shows the residential and non-residential gross floor area in EU28 on hectare (ha) level.,https://gitlab.com/hotmaps/gfa_tot_curr_density/-/blob/master/datapackage.json,https://gitlab.com/hotmaps/gfa_tot_curr_density/-/blob/master/README.md,,,,"EU27 + UK, Switzerland, Norway, Iceland",100m x 100m,,https://gitlab.com/hotmaps/gfa_tot_curr_density/-/tree/master/data,Uniform Resource Locator (URL),"Mueller, Andreas","Heated gross floor area density map of buildings in EU28 + Switzerland, Norway and Iceland for the year 2015",HotMaps,10/08/2020,2020,Non-longitudinal,2015,https://gitlab.com/hotmaps/gfa_tot_curr_density,Building stock - gross floor area density,Horizon 2020 HotMapsproject,"EU27 + UK, Switzerland, Norway, Iceland",n/a,Open - download,Creative Commons Attribution 4.0 International,https://creativecommons.org/licenses/by/4.0/,,Available on the web,Dataset,GEOTIFF file,197 MB,
46,OECD.AIR_GHG,TRUE,getOECD.py,https://stats.oecd.org/SDMX-JSON/data/AIR_GHG?ContentType=CSV,OECD: Greenhouse gas emissions,https://stats.oecd.org/Index.aspx?DataSetCode=AIR_GHG,This dataset presents trends in man-made emissions of major greenhouse gases and emissions by gas.,,,"The data is derived from the National Inventory Submissions 2020  to the United Nations Framework Convention on Climate Change (UNFCCC, CRF tables), and replies to the OECD State of the Environment Questionnaire.",,,EU27 + UK,NUTS0,,https://stats.oecd.org/Index.aspx?DataSetCode=AIR_GHG#,Uniform Resource Locator (URL),National Inventory Submissions 2019  to the United Nations Framework Convention on Climate Change,National Inventory Submissions 2019  to the United Nations Framework Convention on Climate Change,Organisation for Economic Co-operation and Development (OECD),01/01/2019,2019,Annual,1990-2017,https://stats.oecd.org/Index.aspx?DataSetCode=AIR_GHG#,CO₂ emissions,United Nations Framework Convention on Climate Change,EU27 + UK,n/a,Open - download,"See ""Other relevant information""",,,Available on the web,Dataset,Comma-separated values (CSV) file,7.66 KB,For further information on use of dataset please visit https://www.oecd.org/termsandconditions/
47,nrg_pc_204_c,TRUE,getEurostat.py,,Electricity prices for household consumers,https://appsso.eurostat.ec.europa.eu/nui/show.do?dataset=nrg_pc_204&lang=en,Electricity prices for household consumers - bi-annual data (from 2007 onwards),https://ec.europa.eu/eurostat/cache/metadata/en/nrg_pc_204_esms.htm,https://ec.europa.eu/eurostat/documents/3859598/8048500/KS-GQ-16-106-N.pdf/8d9a943f-b0da-4ac9-bc62-251458d0f498,"Electricity prices are collected by a half-yearly questionnaire on electricity prices for households. For further information, see the methodology documentation.",(For 2007 and onward data) the published prices are based on real invoiced prices that are paid by end-users ,For cost of electrical energy per kWh in Euros: missing data in 4.3% of cells,"EU27 + UK plus Iceland, Liechtenstein, Norway, Montenegro, North Macedonia, Albania, Serbia, Turkey, Bosnia and Herzegovina, Kosovo, Moldova, Ukraine, Georgia",NUTS0,,https://appsso.eurostat.ec.europa.eu/nui/show.do?dataset=nrg_pc_204&lang=en,Uniform Resource Locator (URL),Statistical Office of the European Union (Eurostat),Electricity prices for household consumers - bi-annual data (from 2007 onwards) ,Statistical Office of the European Union (Eurostat),28/04/2020,2020,Bi-annual,bi-annual data (from 2007 onwards),https://appsso.eurostat.ec.europa.eu/nui/show.do?dataset=nrg_pc_204&lang=en,Electricity prices,Eurostat,"EU27 + UK plus Iceland, Liechtenstein, Norway, Montenegro, North Macedonia, Albania, Serbia, Turkey, Bosnia and Herzegovina, Kosovo, Moldova, Ukraine, Georgia",n/a,Open - download,Creative Commons Attribution 4.0 International,https://creativecommons.org/licenses/by/4.0/,,Available on the web,Dataset,Comma-separated values (CSV) file,103 KB,https://ec.europa.eu/info/legal-notice_en
48,nama_10_co3_p3,TRUE,getEurostat.py,,Expenditure per household on energy,https://appsso.eurostat.ec.europa.eu/nui/show.do?dataset=nama_10_co3_p3&lang=en,"Mean consumption expenditure per household on electricity, gas, and other fuels.",https://ec.europa.eu/eurostat/cache/metadata/en/nama10_esms.htm,,In summary the key concepts captured by the national accounts main aggregates datasets cover the following definitions: GDP - Gross domestic product. GDP at market prices is the final result of the production activity of resident producer units  It is defined in three ways: 1. GDP Output approach; 2. GDP Expenditure approach; 3. GDP Income approach.,,For current prices: missing data in 9.5% of cells,"EU27 + UK plus Iceland, Montenegro, North Macedonia, Norway, Switzerland, Albania, Serbia, Turkey, Bosnia and Herzegovina, and Kosovo",NUTS0,,https://appsso.eurostat.ec.europa.eu/nui/show.do?dataset=nama_10_co3_p3&lang=en,Uniform Resource Locator (URL),Statistical Office of the European Union (Eurostat),Final consumption expenditure of households by consumption purpose (COICOP 3 digit) ,Statistical Office of the European Union (Eurostat),01/09/2020,2020,Annual,2010-2019,https://appsso.eurostat.ec.europa.eu/nui/show.do?dataset=nama_10_co3_p3&lang=en,Expenditure on energy,Eurostat,"EU27 + UK plus Iceland, Montenegro, North Macedonia, Norway, Switzerland, Albania, Serbia, Turkey, Bosnia and Herzegovina, and Kosovo",n/a,Open - download,Creative Commons Attribution 4.0 International,https://creativecommons.org/licenses/by/4.0/,,Available on the web,Dataset,Microsoft Excel (XLSX) file,38.5 KB,https://ec.europa.eu/info/legal-notice_en
49,t2020_rd320,TRUE,getEurostat.py,,Energy dependence,https://ec.europa.eu/eurostat/tgm/table.do?tab=table&init=1&language=en&pcode=t2020_rd320&plugin=1,The indicator shows the extent to which an economy relies upon imports in order to meet its energy needs. It is calculated as net imports divided by the gross available energy.,https://ec.europa.eu/eurostat/cache/metadata/EN/t2020_rd320_esmsip2.htm,https://ec.europa.eu/eurostat/documents/3859598/5935825/KS-GQ-13-003-EN.PDF/baa96509-3f4b-4c7a-94dd-feb1a31c7291,"Various statistical techniques are used to measure household energy use and energy dependence, including: business surveys, households surveys, use of administrative data, modelling, and in situ measurements. For further information, see the methodology documentation.","""Quantitative assessment of accuracy was not performed by Eurostat""",Missing values in 3.3% of cells,"EU27 + UK plus Iceland, Montenegro, North Macedonia, Norway, Albania, Serbia, Turkey, Bosnia and Herzegovina, and Kosovo",NUTS0,,https://ec.europa.eu/eurostat/databrowser/view/t2020_rd320/default/table?lang=en,Uniform Resource Locator (URL),Statistical Office of the European Union (Eurostat),Energy dependence,Statistical Office of the European Union (Eurostat),17/08/2018,2018,Annual,1990-2018,https://ec.europa.eu/eurostat/tgm/table.do?tab=table&init=1&language=en&pcode=t2020_rd320&plugin=1,Energy imports - net imports - gross available energy,Eurostat,"EU27 + UK plus Iceland, Montenegro, North Macedonia, Norway, Albania, Serbia, Turkey, Bosnia and Herzegovina, and Kosovo",n/a,Open - download,Creative Commons Attribution 4.0 International,https://creativecommons.org/licenses/by/4.0/,,Available on the web,Dataset,Microsoft Excel (XLSX) file,44.0 KB,https://ec.europa.eu/info/legal-notice_en
50,tgs00004,TRUE,getEurostat.py,,Regional GDP,https://ec.europa.eu/eurostat/web/products-datasets/-/tgs00004,GDP expressed in PPS (purchasing power standards) eliminates differences in price levels between countries. Calculations on a per inhabitant basis allow for the comparison of economies and regions significantly different in absolute size. GDP per inhabitant in PPS is the key variable for determining the eligibility of NUTS 2 regions in the framework of the European Union's structural policy.,https://ec.europa.eu/eurostat/cache/metadata/en/reg_eco10_esms.htm,https://ec.europa.eu/eurostat/documents/3859598/5937641/KS-GQ-13-001-EN.PDF/7114fba9-1a3f-43df-b028-e97232b6bac5,"Regional GDP is valued at market prices by adding the regionalised taxes less subsidies on products and imports, and the Value Added Tax (VAT), to regional gross value added (GVA) at basic prices. For further information, see the methodology documentation.",,Missing values in 6.6% of cells,EU27 + UK,NUTS2,,https://ec.europa.eu/eurostat/web/products-datasets/-/tgs00004,Uniform Resource Locator (URL),Statistical Office of the European Union (Eurostat),Regional gross domestic product (million PPS) by NUTS 2 regions,Statistical Office of the European Union (Eurostat),10/07/2020,2020,Annual,2007-2018,https://ec.europa.eu/eurostat/web/products-datasets/-/tgs00004,Gross domestic product - economic statistics - regional statistics,Eurostat,EU27 + UK,n/a,Open - download,Creative Commons Attribution 4.0 International,https://creativecommons.org/licenses/by/4.0/,,Available on the web,Dataset,Tab-separated values (TSV) file,42.2 KB (18.4 KB),https://ec.europa.eu/info/legal-notice_en
